id;data;cliente;cidade;estado;vendedor;regiao;produto;categoria;marca;preco_unitario;quantidade;valor_total
288;2025-06-23;Farmácia Central;São Paulo;SP;Carlos Mendes;Sul;Tônico Capilar 200ml;Higiene;Pantenê;29.9;16;478.4
444;2025-06-23;Farmácia Central;São Paulo;SP;Patricia Souza;Centro-Oeste;Protetor Solar FPS 50 200ml;Cosméticos;Sundown;39.9;20;798.0
178;2025-06-25;Drogaria Norte;Campinas;SP;Ana Silva;Sudeste;Protetor Solar FPS 50 200ml;Cosméticos;Sundown;39.9;19;758.1
203;2025-06-25;Mega Farma;Fortaleza;CE;Fernanda Lima;Nordeste;Protetor Solar FPS 50 200ml;Cosméticos;Sundown;39.9;1;39.9
209;2025-06-25;Cosméticos Bela;Belo Horizonte;MG;Fernanda Lima;Nordeste;Creme para Mãos 75ml;Cosméticos;Hidra;9.9;4;39.6
222;2025-06-26;Cosméticos Bela;Belo Horizonte;MG;Fernanda Lima;Nordeste;Esfoliante Corporal 200ml;Cosméticos;The Body Shop;49.9;14;698.6
400;2025-06-27;Farmácia Sul;Porto Alegre;RS;Ana Silva;Sudeste;Esfoliante Corporal 200ml;Cosméticos;The Body Shop;49.9;6;299.4
496;2025-06-27;Cosméticos Bela;Belo Horizonte;MG;Patricia Souza;Centro-Oeste;Sérum Facial 30ml;Cosméticos;Neutrogena;89.9;4;359.6
50;2025-06-29;Beleza & Cia;Manaus;AM;Patricia Souza;Centro-Oeste;Condicionador Reparador 400ml;Higiene;Natura;19.9;13;258.7
430;2025-06-30;Perfumaria Elite;Curitiba;PR;Fernanda Lima;Nordeste;Shampoo Hidratante 400ml;Higiene;Natura;18.9;5;94.5
431;2025-06-30;Perfumaria Elite;Curitiba;PR;Ana Silva;Sudeste;Condicionador Reparador 400ml;Higiene;Natura;19.9;4;79.6
184;2025-07-01;Cosméticos Bela;Belo Horizonte;MG;Patricia Souza;Centro-Oeste;Perfume Masculino 50ml;Perfumaria;Avon;89.9;20;1798.0
461;2025-07-01;Loja da Beleza;Salvador;BA;Roberto Costa;Norte;Perfume Masculino 50ml;Perfumaria;Avon;89.9;20;1798.0
247;2025-07-02;Perfumaria Elite;Curitiba;PR;Ana Silva;Sudeste;Base Líquida;Cosméticos;L'Oréal;59.9;8;479.2
445;2025-07-03;Perfumaria Elite;Curitiba;PR;Roberto Costa;Norte;Perfume Masculino 50ml;Perfumaria;Avon;89.9;12;1078.8
450;2025-07-03;Drogaria Norte;Campinas;SP;Patricia Souza;Centro-Oeste;Esfoliante Corporal 200ml;Cosméticos;The Body Shop;49.9;13;648.7
318;2025-07-04;Beleza Total;Rio de Janeiro;RJ;Roberto Costa;Norte;Sérum Facial 30ml;Cosméticos;Neutrogena;89.9;17;1528.3
86;2025-07-05;Cosméticos Bela;Belo Horizonte;MG;Patricia Souza;Centro-Oeste;Shampoo Hidratante 400ml;Higiene;Natura;18.9;1;18.9
160;2025-07-05;Beleza & Cia;Manaus;AM;Carlos Mendes;Sul;Desodorante Aerossol 150ml;Higiene;Rexona;14.9;8;119.2
476;2025-07-05;Farmácia Central;São Paulo;SP;Carlos Mendes;Sul;Batom Matte;Cosméticos;Maybelline;34.9;16;558.4
69;2025-07-06;Drogaria Norte;Campinas;SP;Carlos Mendes;Sul;Desodorante Aerossol 150ml;Higiene;Rexona;14.9;3;44.7
499;2025-07-06;Farmácia Central;São Paulo;SP;Carlos Mendes;Sul;Creme Hidratante Corporal 250ml;Cosméticos;Nivea;24.9;2;49.8
104;2025-07-07;Beleza & Cia;Manaus;AM;Ana Silva;Sudeste;Perfume Floral 100ml;Perfumaria;O Boticário;129.9;17;2208.3
128;2025-07-07;Drogaria Norte;Campinas;SP;Roberto Costa;Norte;Batom Matte;Cosméticos;Maybelline;34.9;8;279.2
269;2025-07-07;Cosméticos Bela;Belo Horizonte;MG;Patricia Souza;Centro-Oeste;Esfoliante Corporal 200ml;Cosméticos;The Body Shop;49.9;20;998.0
420;2025-07-07;Mega Farma;Fortaleza;CE;Ana Silva;Sudeste;Protetor Solar FPS 50 200ml;Cosméticos;Sundown;39.9;11;438.9
110;2025-07-08;Beleza & Cia;Manaus;AM;Fernanda Lima;Nordeste;Batom Matte;Cosméticos;Maybelline;34.9;1;34.9
446;2025-07-08;Farmácia Central;São Paulo;SP;Carlos Mendes;Sul;Sabonete Líquido 250ml;Higiene;Dove;12.9;3;38.7
47;2025-07-09;Farmácia Central;São Paulo;SP;Ana Silva;Sudeste;Sérum Facial 30ml;Cosméticos;Neutrogena;89.9;9;809.1
92;2025-07-10;Farmácia Central;São Paulo;SP;Patricia Souza;Centro-Oeste;Protetor Solar FPS 50 200ml;Cosméticos;Sundown;39.9;10;399.0
310;2025-07-10;Beleza Total;Rio de Janeiro;RJ;Carlos Mendes;Sul;Perfume Feminino 75ml;Perfumaria;Eudora;99.9;4;399.6
75;2025-07-11;Distribuidora Leste;Recife;PE;Carlos Mendes;Sul;Condicionador Reparador 400ml;Higiene;Natura;19.9;18;358.2
424;2025-07-11;Cosméticos Bela;Belo Horizonte;MG;Ana Silva;Sudeste;Desodorante Aerossol 150ml;Higiene;Rexona;14.9;4;59.6
421;2025-07-12;Distribuidora Leste;Recife;PE;Ana Silva;Sudeste;Creme para Mãos 75ml;Cosméticos;Hidra;9.9;9;89.1
119;2025-07-13;Cosméticos Bela;Belo Horizonte;MG;Ana Silva;Sudeste;Sabonete Líquido 250ml;Higiene;Dove;12.9;2;25.8
495;2025-07-14;Mega Farma;Fortaleza;CE;Ana Silva;Sudeste;Protetor Solar FPS 50 200ml;Cosméticos;Sundown;39.9;12;478.8
150;2025-07-16;Beleza & Cia;Manaus;AM;Fernanda Lima;Nordeste;Desodorante Aerossol 150ml;Higiene;Rexona;14.9;6;89.4
171;2025-07-16;Farmácia Sul;Porto Alegre;RS;Roberto Costa;Norte;Tônico Capilar 200ml;Higiene;Pantenê;29.9;10;299.0
227;2025-07-16;Farmácia Central;São Paulo;SP;Patricia Souza;Centro-Oeste;Creme para Mãos 75ml;Cosméticos;Hidra;9.9;4;39.6
105;2025-07-17;Loja da Beleza;Salvador;BA;Fernanda Lima;Nordeste;Esfoliante Corporal 200ml;Cosméticos;The Body Shop;49.9;11;548.9
306;2025-07-17;Distribuidora Leste;Recife;PE;Ana Silva;Sudeste;Perfume Feminino 75ml;Perfumaria;Eudora;99.9;20;1998.0
490;2025-07-17;Drogaria Norte;Campinas;SP;Roberto Costa;Norte;Protetor Solar FPS 50 200ml;Cosméticos;Sundown;39.9;4;159.6
358;2025-07-18;Farmácia Central;São Paulo;SP;Patricia Souza;Centro-Oeste;Desodorante Aerossol 150ml;Higiene;Rexona;14.9;10;149.0
198;2025-07-22;Distribuidora Leste;Recife;PE;Roberto Costa;Norte;Tônico Capilar 200ml;Higiene;Pantenê;29.9;16;478.4
238;2025-07-22;Farmácia Central;São Paulo;SP;Ana Silva;Sudeste;Desodorante Aerossol 150ml;Higiene;Rexona;14.9;11;163.9
460;2025-07-22;Perfumaria Elite;Curitiba;PR;Roberto Costa;Norte;Sabonete Líquido 250ml;Higiene;Dove;12.9;11;141.9
71;2025-07-23;Farmácia Sul;Porto Alegre;RS;Fernanda Lima;Nordeste;Sérum Facial 30ml;Cosméticos;Neutrogena;89.9;15;1348.5
497;2025-07-23;Perfumaria Elite;Curitiba;PR;Ana Silva;Sudeste;Base Líquida;Cosméticos;L'Oréal;59.9;18;1078.2
115;2025-07-24;Mega Farma;Fortaleza;CE;Roberto Costa;Norte;Creme para Mãos 75ml;Cosméticos;Hidra;9.9;1;9.9
336;2025-07-24;Loja da Beleza;Salvador;BA;Patricia Souza;Centro-Oeste;Tônico Capilar 200ml;Higiene;Pantenê;29.9;1;29.9
433;2025-07-24;Cosméticos Bela;Belo Horizonte;MG;Fernanda Lima;Nordeste;Shampoo Hidratante 400ml;Higiene;Natura;18.9;8;151.2
173;2025-07-26;Mega Farma;Fortaleza;CE;Carlos Mendes;Sul;Creme Hidratante Corporal 250ml;Cosméticos;Nivea;24.9;13;323.7
3;2025-07-27;Beleza & Cia;Manaus;AM;Ana Silva;Sudeste;Perfume Floral 100ml;Perfumaria;O Boticário;129.9;3;389.7
180;2025-07-27;Loja da Beleza;Salvador;BA;Patricia Souza;Centro-Oeste;Sérum Facial 30ml;Cosméticos;Neutrogena;89.9;9;809.1
474;2025-07-28;Mega Farma;Fortaleza;CE;Patricia Souza;Centro-Oeste;Batom Matte;Cosméticos;Maybelline;34.9;18;628.2
232;2025-07-31;Loja da Beleza;Salvador;BA;Roberto Costa;Norte;Shampoo Hidratante 400ml;Higiene;Natura;18.9;13;245.7
297;2025-08-02;Farmácia Central;São Paulo;SP;Roberto Costa;Norte;Base Líquida;Cosméticos;L'Oréal;59.9;12;718.8
61;2025-08-03;Farmácia Central;São Paulo;SP;Fernanda Lima;Nordeste;Protetor Solar FPS 50 200ml;Cosméticos;Sundown;39.9;18;718.2
365;2025-08-03;Loja da Beleza;Salvador;BA;Fernanda Lima;Nordeste;Protetor Solar FPS 50 200ml;Cosméticos;Sundown;39.9;16;638.4
383;2025-08-03;Farmácia Sul;Porto Alegre;RS;Roberto Costa;Norte;Sérum Facial 30ml;Cosméticos;Neutrogena;89.9;10;899.0
429;2025-08-03;Farmácia Central;São Paulo;SP;Patricia Souza;Centro-Oeste;Batom Matte;Cosméticos;Maybelline;34.9;1;34.9
409;2025-08-06;Distribuidora Leste;Recife;PE;Patricia Souza;Centro-Oeste;Creme Hidratante Corporal 250ml;Cosméticos;Nivea;24.9;11;273.9
489;2025-08-06;Farmácia Sul;Porto Alegre;RS;Carlos Mendes;Sul;Esfoliante Corporal 200ml;Cosméticos;The Body Shop;49.9;12;598.8
356;2025-08-08;Mega Farma;Fortaleza;CE;Fernanda Lima;Nordeste;Base Líquida;Cosméticos;L'Oréal;59.9;2;119.8
220;2025-08-09;Drogaria Norte;Campinas;SP;Roberto Costa;Norte;Perfume Feminino 75ml;Perfumaria;Eudora;99.9;12;1198.8
255;2025-08-09;Perfumaria Elite;Curitiba;PR;Patricia Souza;Centro-Oeste;Sérum Facial 30ml;Cosméticos;Neutrogena;89.9;11;988.9
185;2025-08-12;Beleza & Cia;Manaus;AM;Carlos Mendes;Sul;Creme para Mãos 75ml;Cosméticos;Hidra;9.9;18;178.2
111;2025-08-13;Beleza Total;Rio de Janeiro;RJ;Ana Silva;Sudeste;Desodorante Aerossol 150ml;Higiene;Rexona;14.9;3;44.7
443;2025-08-13;Loja da Beleza;Salvador;BA;Carlos Mendes;Sul;Creme Hidratante Corporal 250ml;Cosméticos;Nivea;24.9;3;74.7
457;2025-08-13;Distribuidora Leste;Recife;PE;Roberto Costa;Norte;Batom Matte;Cosméticos;Maybelline;34.9;1;34.9
210;2025-08-14;Perfumaria Elite;Curitiba;PR;Ana Silva;Sudeste;Protetor Solar FPS 50 200ml;Cosméticos;Sundown;39.9;10;399.0
324;2025-08-14;Beleza Total;Rio de Janeiro;RJ;Roberto Costa;Norte;Creme Hidratante Corporal 250ml;Cosméticos;Nivea;24.9;12;298.8
107;2025-08-16;Farmácia Sul;Porto Alegre;RS;Carlos Mendes;Sul;Base Líquida;Cosméticos;L'Oréal;59.9;18;1078.2
257;2025-08-18;Beleza & Cia;Manaus;AM;Patricia Souza;Centro-Oeste;Tônico Capilar 200ml;Higiene;Pantenê;29.9;13;388.7
286;2025-08-18;Drogaria Norte;Campinas;SP;Fernanda Lima;Nordeste;Esfoliante Corporal 200ml;Cosméticos;The Body Shop;49.9;10;499.0
344;2025-08-20;Drogaria Norte;Campinas;SP;Patricia Souza;Centro-Oeste;Creme Hidratante Corporal 250ml;Cosméticos;Nivea;24.9;12;298.8
49;2025-08-21;Beleza & Cia;Manaus;AM;Carlos Mendes;Sul;Creme Hidratante Corporal 250ml;Cosméticos;Nivea;24.9;2;49.8
471;2025-08-21;Mega Farma;Fortaleza;CE;Carlos Mendes;Sul;Desodorante Aerossol 150ml;Higiene;Rexona;14.9;16;238.4
483;2025-08-21;Beleza Total;Rio de Janeiro;RJ;Roberto Costa;Norte;Tônico Capilar 200ml;Higiene;Pantenê;29.9;2;59.8
59;2025-08-22;Mega Farma;Fortaleza;CE;Patricia Souza;Centro-Oeste;Sabonete Líquido 250ml;Higiene;Dove;12.9;4;51.6
326;2025-08-22;Farmácia Sul;Porto Alegre;RS;Patricia Souza;Centro-Oeste;Base Líquida;Cosméticos;L'Oréal;59.9;12;718.8
231;2025-08-23;Mega Farma;Fortaleza;CE;Carlos Mendes;Sul;Tônico Capilar 200ml;Higiene;Pantenê;29.9;16;478.4
363;2025-08-23;Drogaria Norte;Campinas;SP;Fernanda Lima;Nordeste;Sérum Facial 30ml;Cosméticos;Neutrogena;89.9;18;1618.2
15;2025-08-25;Farmácia Central;São Paulo;SP;Carlos Mendes;Sul;Perfume Masculino 50ml;Perfumaria;Avon;89.9;4;359.6
331;2025-08-25;Farmácia Central;São Paulo;SP;Ana Silva;Sudeste;Perfume Feminino 75ml;Perfumaria;Eudora;99.9;15;1498.5
20;2025-08-26;Farmácia Sul;Porto Alegre;RS;Roberto Costa;Norte;Base Líquida;Cosméticos;L'Oréal;59.9;13;778.7
55;2025-08-26;Drogaria Norte;Campinas;SP;Roberto Costa;Norte;Perfume Feminino 75ml;Perfumaria;Eudora;99.9;12;1198.8
289;2025-08-27;Beleza & Cia;Manaus;AM;Fernanda Lima;Nordeste;Desodorante Aerossol 150ml;Higiene;Rexona;14.9;2;29.8
313;2025-08-28;Farmácia Central;São Paulo;SP;Carlos Mendes;Sul;Creme Hidratante Corporal 250ml;Cosméticos;Nivea;24.9;6;149.4
98;2025-08-29;Drogaria Norte;Campinas;SP;Ana Silva;Sudeste;Sabonete Líquido 250ml;Higiene;Dove;12.9;14;180.6
439;2025-08-30;Distribuidora Leste;Recife;PE;Patricia Souza;Centro-Oeste;Condicionador Reparador 400ml;Higiene;Natura;19.9;13;258.7
30;2025-09-01;Beleza & Cia;Manaus;AM;Ana Silva;Sudeste;Condicionador Reparador 400ml;Higiene;Natura;19.9;13;258.7
283;2025-09-01;Drogaria Norte;Campinas;SP;Ana Silva;Sudeste;Creme Hidratante Corporal 250ml;Cosméticos;Nivea;24.9;4;99.6
472;2025-09-01;Beleza & Cia;Manaus;AM;Ana Silva;Sudeste;Batom Matte;Cosméticos;Maybelline;34.9;12;418.8
179;2025-09-02;Cosméticos Bela;Belo Horizonte;MG;Ana Silva;Sudeste;Esfoliante Corporal 200ml;Cosméticos;The Body Shop;49.9;18;898.2
373;2025-09-02;Beleza & Cia;Manaus;AM;Ana Silva;Sudeste;Base Líquida;Cosméticos;L'Oréal;59.9;4;239.6
174;2025-09-03;Farmácia Central;São Paulo;SP;Ana Silva;Sudeste;Batom Matte;Cosméticos;Maybelline;34.9;20;698.0
183;2025-09-04;Cosméticos Bela;Belo Horizonte;MG;Carlos Mendes;Sul;Tônico Capilar 200ml;Higiene;Pantenê;29.9;19;568.1
38;2025-09-05;Perfumaria Elite;Curitiba;PR;Roberto Costa;Norte;Perfume Floral 100ml;Perfumaria;O Boticário;129.9;4;519.6
187;2025-09-06;Drogaria Norte;Campinas;SP;Patricia Souza;Centro-Oeste;Sérum Facial 30ml;Cosméticos;Neutrogena;89.9;12;1078.8
31;2025-09-08;Drogaria Norte;Campinas;SP;Patricia Souza;Centro-Oeste;Desodorante Aerossol 150ml;Higiene;Rexona;14.9;12;178.8
256;2025-09-08;Beleza & Cia;Manaus;AM;Roberto Costa;Norte;Perfume Floral 100ml;Perfumaria;O Boticário;129.9;10;1299.0
217;2025-09-09;Beleza Total;Rio de Janeiro;RJ;Ana Silva;Sudeste;Sabonete Líquido 250ml;Higiene;Dove;12.9;1;12.9
347;2025-09-10;Distribuidora Leste;Recife;PE;Ana Silva;Sudeste;Shampoo Hidratante 400ml;Higiene;Natura;18.9;12;226.8
241;2025-09-12;Drogaria Norte;Campinas;SP;Ana Silva;Sudeste;Sabonete Líquido 250ml;Higiene;Dove;12.9;1;12.9
361;2025-09-12;Loja da Beleza;Salvador;BA;Fernanda Lima;Nordeste;Esfoliante Corporal 200ml;Cosméticos;The Body Shop;49.9;5;249.5
25;2025-09-13;Perfumaria Elite;Curitiba;PR;Carlos Mendes;Sul;Protetor Solar FPS 50 200ml;Cosméticos;Sundown;39.9;15;598.5
48;2025-09-14;Drogaria Norte;Campinas;SP;Roberto Costa;Norte;Base Líquida;Cosméticos;L'Oréal;59.9;13;778.7
492;2025-09-15;Mega Farma;Fortaleza;CE;Carlos Mendes;Sul;Batom Matte;Cosméticos;Maybelline;34.9;11;383.9
391;2025-09-16;Distribuidora Leste;Recife;PE;Patricia Souza;Centro-Oeste;Shampoo Hidratante 400ml;Higiene;Natura;18.9;4;75.6
108;2025-09-17;Drogaria Norte;Campinas;SP;Ana Silva;Sudeste;Creme para Mãos 75ml;Cosméticos;Hidra;9.9;20;198.0
60;2025-09-18;Perfumaria Elite;Curitiba;PR;Fernanda Lima;Nordeste;Condicionador Reparador 400ml;Higiene;Natura;19.9;20;398.0
252;2025-09-18;Farmácia Sul;Porto Alegre;RS;Fernanda Lima;Nordeste;Batom Matte;Cosméticos;Maybelline;34.9;1;34.9
500;2025-09-20;Beleza & Cia;Manaus;AM;Carlos Mendes;Sul;Base Líquida;Cosméticos;L'Oréal;59.9;12;718.8
159;2025-09-21;Drogaria Norte;Campinas;SP;Carlos Mendes;Sul;Desodorante Aerossol 150ml;Higiene;Rexona;14.9;2;29.8
293;2025-09-21;Drogaria Norte;Campinas;SP;Ana Silva;Sudeste;Perfume Feminino 75ml;Perfumaria;Eudora;99.9;19;1898.1
398;2025-09-21;Farmácia Sul;Porto Alegre;RS;Carlos Mendes;Sul;Shampoo Hidratante 400ml;Higiene;Natura;18.9;17;321.3
404;2025-09-21;Cosméticos Bela;Belo Horizonte;MG;Ana Silva;Sudeste;Shampoo Hidratante 400ml;Higiene;Natura;18.9;9;170.1
464;2025-09-21;Beleza & Cia;Manaus;AM;Carlos Mendes;Sul;Tônico Capilar 200ml;Higiene;Pantenê;29.9;7;209.3
213;2025-09-22;Beleza & Cia;Manaus;AM;Patricia Souza;Centro-Oeste;Perfume Feminino 75ml;Perfumaria;Eudora;99.9;11;1098.9
330;2025-09-23;Farmácia Sul;Porto Alegre;RS;Patricia Souza;Centro-Oeste;Base Líquida;Cosméticos;L'Oréal;59.9;18;1078.2
260;2025-09-24;Cosméticos Bela;Belo Horizonte;MG;Ana Silva;Sudeste;Perfume Feminino 75ml;Perfumaria;Eudora;99.9;17;1698.3
311;2025-09-24;Beleza Total;Rio de Janeiro;RJ;Ana Silva;Sudeste;Desodorante Aerossol 150ml;Higiene;Rexona;14.9;5;74.5
379;2025-09-24;Drogaria Norte;Campinas;SP;Ana Silva;Sudeste;Creme para Mãos 75ml;Cosméticos;Hidra;9.9;18;178.2
410;2025-09-24;Drogaria Norte;Campinas;SP;Roberto Costa;Norte;Perfume Floral 100ml;Perfumaria;O Boticário;129.9;14;1818.6
34;2025-09-25;Distribuidora Leste;Recife;PE;Carlos Mendes;Sul;Shampoo Hidratante 400ml;Higiene;Natura;18.9;17;321.3
197;2025-09-26;Loja da Beleza;Salvador;BA;Ana Silva;Sudeste;Perfume Floral 100ml;Perfumaria;O Boticário;129.9;20;2598.0
23;2025-09-27;Beleza Total;Rio de Janeiro;RJ;Roberto Costa;Norte;Condicionador Reparador 400ml;Higiene;Natura;19.9;1;19.9
33;2025-09-27;Perfumaria Elite;Curitiba;PR;Roberto Costa;Norte;Shampoo Hidratante 400ml;Higiene;Natura;18.9;1;18.9
42;2025-09-27;Perfumaria Elite;Curitiba;PR;Fernanda Lima;Nordeste;Tônico Capilar 200ml;Higiene;Pantenê;29.9;16;478.4
387;2025-09-27;Loja da Beleza;Salvador;BA;Roberto Costa;Norte;Sérum Facial 30ml;Cosméticos;Neutrogena;89.9;19;1708.1
428;2025-09-27;Distribuidora Leste;Recife;PE;Ana Silva;Sudeste;Sabonete Líquido 250ml;Higiene;Dove;12.9;2;25.8
167;2025-10-01;Perfumaria Elite;Curitiba;PR;Carlos Mendes;Sul;Sabonete Líquido 250ml;Higiene;Dove;12.9;2;25.8
275;2025-10-01;Drogaria Norte;Campinas;SP;Ana Silva;Sudeste;Creme para Mãos 75ml;Cosméticos;Hidra;9.9;8;79.2
36;2025-10-03;Drogaria Norte;Campinas;SP;Carlos Mendes;Sul;Sérum Facial 30ml;Cosméticos;Neutrogena;89.9;16;1438.4
93;2025-10-03;Beleza Total;Rio de Janeiro;RJ;Patricia Souza;Centro-Oeste;Sérum Facial 30ml;Cosméticos;Neutrogena;89.9;19;1708.1
225;2025-10-03;Distribuidora Leste;Recife;PE;Fernanda Lima;Nordeste;Batom Matte;Cosméticos;Maybelline;34.9;2;69.8
299;2025-10-03;Distribuidora Leste;Recife;PE;Patricia Souza;Centro-Oeste;Creme para Mãos 75ml;Cosméticos;Hidra;9.9;3;29.7
132;2025-10-04;Perfumaria Elite;Curitiba;PR;Carlos Mendes;Sul;Batom Matte;Cosméticos;Maybelline;34.9;8;279.2
343;2025-10-04;Perfumaria Elite;Curitiba;PR;Roberto Costa;Norte;Base Líquida;Cosméticos;L'Oréal;59.9;12;718.8
354;2025-10-04;Perfumaria Elite;Curitiba;PR;Fernanda Lima;Nordeste;Tônico Capilar 200ml;Higiene;Pantenê;29.9;14;418.6
349;2025-10-06;Beleza Total;Rio de Janeiro;RJ;Fernanda Lima;Nordeste;Sérum Facial 30ml;Cosméticos;Neutrogena;89.9;6;539.4
393;2025-10-06;Cosméticos Bela;Belo Horizonte;MG;Ana Silva;Sudeste;Base Líquida;Cosméticos;L'Oréal;59.9;13;778.7
459;2025-10-06;Loja da Beleza;Salvador;BA;Carlos Mendes;Sul;Base Líquida;Cosméticos;L'Oréal;59.9;10;599.0
133;2025-10-09;Farmácia Sul;Porto Alegre;RS;Patricia Souza;Centro-Oeste;Protetor Solar FPS 50 200ml;Cosméticos;Sundown;39.9;8;319.2
205;2025-10-10;Loja da Beleza;Salvador;BA;Fernanda Lima;Nordeste;Perfume Feminino 75ml;Perfumaria;Eudora;99.9;11;1098.9
53;2025-10-11;Loja da Beleza;Salvador;BA;Fernanda Lima;Nordeste;Perfume Masculino 50ml;Perfumaria;Avon;89.9;19;1708.1
81;2025-10-14;Loja da Beleza;Salvador;BA;Carlos Mendes;Sul;Perfume Floral 100ml;Perfumaria;O Boticário;129.9;18;2338.2
300;2025-10-14;Perfumaria Elite;Curitiba;PR;Carlos Mendes;Sul;Desodorante Aerossol 150ml;Higiene;Rexona;14.9;13;193.7
307;2025-10-14;Cosméticos Bela;Belo Horizonte;MG;Carlos Mendes;Sul;Sérum Facial 30ml;Cosméticos;Neutrogena;89.9;18;1618.2
88;2025-10-16;Loja da Beleza;Salvador;BA;Fernanda Lima;Nordeste;Base Líquida;Cosméticos;L'Oréal;59.9;13;778.7
215;2025-10-17;Farmácia Sul;Porto Alegre;RS;Fernanda Lima;Nordeste;Desodorante Aerossol 150ml;Higiene;Rexona;14.9;15;223.5
452;2025-10-17;Mega Farma;Fortaleza;CE;Patricia Souza;Centro-Oeste;Perfume Masculino 50ml;Perfumaria;Avon;89.9;2;179.8
337;2025-10-18;Distribuidora Leste;Recife;PE;Roberto Costa;Norte;Batom Matte;Cosméticos;Maybelline;34.9;15;523.5
482;2025-10-18;Distribuidora Leste;Recife;PE;Fernanda Lima;Nordeste;Perfume Floral 100ml;Perfumaria;O Boticário;129.9;13;1688.7
394;2025-10-19;Farmácia Central;São Paulo;SP;Ana Silva;Sudeste;Creme para Mãos 75ml;Cosméticos;Hidra;9.9;16;158.4
97;2025-10-20;Loja da Beleza;Salvador;BA;Fernanda Lima;Nordeste;Perfume Masculino 50ml;Perfumaria;Avon;89.9;12;1078.8
121;2025-10-22;Mega Farma;Fortaleza;CE;Roberto Costa;Norte;Batom Matte;Cosméticos;Maybelline;34.9;7;244.3
149;2025-10-23;Beleza Total;Rio de Janeiro;RJ;Ana Silva;Sudeste;Tônico Capilar 200ml;Higiene;Pantenê;29.9;6;179.4
219;2025-10-23;Distribuidora Leste;Recife;PE;Ana Silva;Sudeste;Sérum Facial 30ml;Cosméticos;Neutrogena;89.9;4;359.6
296;2025-10-23;Beleza & Cia;Manaus;AM;Fernanda Lima;Nordeste;Batom Matte;Cosméticos;Maybelline;34.9;19;663.1
100;2025-10-25;Beleza Total;Rio de Janeiro;RJ;Fernanda Lima;Nordeste;Sabonete Líquido 250ml;Higiene;Dove;12.9;3;38.7
195;2025-10-25;Mega Farma;Fortaleza;CE;Carlos Mendes;Sul;Sabonete Líquido 250ml;Higiene;Dove;12.9;5;64.5
281;2025-10-25;Distribuidora Leste;Recife;PE;Ana Silva;Sudeste;Sérum Facial 30ml;Cosméticos;Neutrogena;89.9;19;1708.1
156;2025-10-27;Beleza Total;Rio de Janeiro;RJ;Roberto Costa;Norte;Sérum Facial 30ml;Cosméticos;Neutrogena;89.9;4;359.6
87;2025-10-28;Mega Farma;Fortaleza;CE;Roberto Costa;Norte;Perfume Masculino 50ml;Perfumaria;Avon;89.9;13;1168.7
223;2025-10-28;Perfumaria Elite;Curitiba;PR;Roberto Costa;Norte;Shampoo Hidratante 400ml;Higiene;Natura;18.9;20;378.0
144;2025-10-29;Beleza & Cia;Manaus;AM;Patricia Souza;Centro-Oeste;Base Líquida;Cosméticos;L'Oréal;59.9;20;1198.0
481;2025-10-29;Perfumaria Elite;Curitiba;PR;Roberto Costa;Norte;Perfume Floral 100ml;Perfumaria;O Boticário;129.9;10;1299.0
35;2025-10-31;Mega Farma;Fortaleza;CE;Roberto Costa;Norte;Shampoo Hidratante 400ml;Higiene;Natura;18.9;1;18.9
194;2025-11-02;Cosméticos Bela;Belo Horizonte;MG;Fernanda Lima;Nordeste;Protetor Solar FPS 50 200ml;Cosméticos;Sundown;39.9;18;718.2
406;2025-11-02;Loja da Beleza;Salvador;BA;Ana Silva;Sudeste;Creme Hidratante Corporal 250ml;Cosméticos;Nivea;24.9;8;199.2
136;2025-11-04;Mega Farma;Fortaleza;CE;Ana Silva;Sudeste;Perfume Feminino 75ml;Perfumaria;Eudora;99.9;8;799.2
455;2025-11-05;Distribuidora Leste;Recife;PE;Carlos Mendes;Sul;Desodorante Aerossol 150ml;Higiene;Rexona;14.9;17;253.3
228;2025-11-06;Cosméticos Bela;Belo Horizonte;MG;Patricia Souza;Centro-Oeste;Perfume Floral 100ml;Perfumaria;O Boticário;129.9;20;2598.0
234;2025-11-06;Farmácia Sul;Porto Alegre;RS;Ana Silva;Sudeste;Base Líquida;Cosméticos;L'Oréal;59.9;17;1018.3
243;2025-11-06;Loja da Beleza;Salvador;BA;Patricia Souza;Centro-Oeste;Sabonete Líquido 250ml;Higiene;Dove;12.9;9;116.1
285;2025-11-06;Farmácia Sul;Porto Alegre;RS;Fernanda Lima;Nordeste;Perfume Feminino 75ml;Perfumaria;Eudora;99.9;9;899.1
352;2025-11-06;Mega Farma;Fortaleza;CE;Fernanda Lima;Nordeste;Protetor Solar FPS 50 200ml;Cosméticos;Sundown;39.9;9;359.1
274;2025-11-07;Mega Farma;Fortaleza;CE;Roberto Costa;Norte;Perfume Masculino 50ml;Perfumaria;Avon;89.9;1;89.9
162;2025-11-08;Drogaria Norte;Campinas;SP;Carlos Mendes;Sul;Protetor Solar FPS 50 200ml;Cosméticos;Sundown;39.9;8;319.2
453;2025-11-08;Loja da Beleza;Salvador;BA;Carlos Mendes;Sul;Batom Matte;Cosméticos;Maybelline;34.9;18;628.2
201;2025-11-09;Distribuidora Leste;Recife;PE;Carlos Mendes;Sul;Sabonete Líquido 250ml;Higiene;Dove;12.9;8;103.2
58;2025-11-10;Beleza & Cia;Manaus;AM;Carlos Mendes;Sul;Perfume Floral 100ml;Perfumaria;O Boticário;129.9;8;1039.2
99;2025-11-10;Farmácia Sul;Porto Alegre;RS;Carlos Mendes;Sul;Perfume Masculino 50ml;Perfumaria;Avon;89.9;12;1078.8
113;2025-11-11;Beleza & Cia;Manaus;AM;Roberto Costa;Norte;Desodorante Aerossol 150ml;Higiene;Rexona;14.9;20;298.0
244;2025-11-12;Mega Farma;Fortaleza;CE;Roberto Costa;Norte;Perfume Masculino 50ml;Perfumaria;Avon;89.9;8;719.2
309;2025-11-12;Distribuidora Leste;Recife;PE;Roberto Costa;Norte;Tônico Capilar 200ml;Higiene;Pantenê;29.9;2;59.8
338;2025-11-12;Distribuidora Leste;Recife;PE;Carlos Mendes;Sul;Base Líquida;Cosméticos;L'Oréal;59.9;6;359.4
360;2025-11-12;Beleza & Cia;Manaus;AM;Ana Silva;Sudeste;Desodorante Aerossol 150ml;Higiene;Rexona;14.9;14;208.6
266;2025-11-13;Farmácia Central;São Paulo;SP;Roberto Costa;Norte;Protetor Solar FPS 50 200ml;Cosméticos;Sundown;39.9;8;319.2
290;2025-11-13;Mega Farma;Fortaleza;CE;Ana Silva;Sudeste;Esfoliante Corporal 200ml;Cosméticos;The Body Shop;49.9;3;149.7
388;2025-11-14;Loja da Beleza;Salvador;BA;Carlos Mendes;Sul;Condicionador Reparador 400ml;Higiene;Natura;19.9;6;119.4
6;2025-11-15;Farmácia Central;São Paulo;SP;Fernanda Lima;Nordeste;Base Líquida;Cosméticos;L'Oréal;59.9;14;838.6
51;2025-11-16;Drogaria Norte;Campinas;SP;Carlos Mendes;Sul;Sabonete Líquido 250ml;Higiene;Dove;12.9;18;232.2
280;2025-11-18;Loja da Beleza;Salvador;BA;Roberto Costa;Norte;Perfume Feminino 75ml;Perfumaria;Eudora;99.9;12;1198.8
10;2025-11-20;Farmácia Sul;Porto Alegre;RS;Carlos Mendes;Sul;Perfume Floral 100ml;Perfumaria;O Boticário;129.9;6;779.4
359;2025-11-21;Cosméticos Bela;Belo Horizonte;MG;Fernanda Lima;Nordeste;Batom Matte;Cosméticos;Maybelline;34.9;6;209.4
79;2025-11-22;Farmácia Sul;Porto Alegre;RS;Fernanda Lima;Nordeste;Perfume Masculino 50ml;Perfumaria;Avon;89.9;1;89.9
242;2025-11-23;Distribuidora Leste;Recife;PE;Fernanda Lima;Nordeste;Shampoo Hidratante 400ml;Higiene;Natura;18.9;15;283.5
271;2025-11-24;Drogaria Norte;Campinas;SP;Patricia Souza;Centro-Oeste;Shampoo Hidratante 400ml;Higiene;Natura;18.9;14;264.6
451;2025-11-25;Farmácia Sul;Porto Alegre;RS;Patricia Souza;Centro-Oeste;Sérum Facial 30ml;Cosméticos;Neutrogena;89.9;18;1618.2
267;2025-11-26;Farmácia Sul;Porto Alegre;RS;Patricia Souza;Centro-Oeste;Perfume Floral 100ml;Perfumaria;O Boticário;129.9;7;909.3
172;2025-11-27;Farmácia Sul;Porto Alegre;RS;Patricia Souza;Centro-Oeste;Tônico Capilar 200ml;Higiene;Pantenê;29.9;3;89.7
143;2025-12-01;Cosméticos Bela;Belo Horizonte;MG;Carlos Mendes;Sul;Base Líquida;Cosméticos;L'Oréal;59.9;3;179.7
236;2025-12-01;Mega Farma;Fortaleza;CE;Carlos Mendes;Sul;Perfume Floral 100ml;Perfumaria;O Boticário;129.9;3;389.7
423;2025-12-01;Loja da Beleza;Salvador;BA;Ana Silva;Sudeste;Esfoliante Corporal 200ml;Cosméticos;The Body Shop;49.9;6;299.4
246;2025-12-02;Mega Farma;Fortaleza;CE;Carlos Mendes;Sul;Shampoo Hidratante 400ml;Higiene;Natura;18.9;6;113.4
273;2025-12-03;Beleza Total;Rio de Janeiro;RJ;Patricia Souza;Centro-Oeste;Sérum Facial 30ml;Cosméticos;Neutrogena;89.9;7;629.3
405;2025-12-03;Perfumaria Elite;Curitiba;PR;Ana Silva;Sudeste;Batom Matte;Cosméticos;Maybelline;34.9;17;593.3
320;2025-12-04;Beleza & Cia;Manaus;AM;Carlos Mendes;Sul;Batom Matte;Cosméticos;Maybelline;34.9;20;698.0
378;2025-12-04;Beleza & Cia;Manaus;AM;Roberto Costa;Norte;Batom Matte;Cosméticos;Maybelline;34.9;2;69.8
375;2025-12-05;Drogaria Norte;Campinas;SP;Fernanda Lima;Nordeste;Perfume Floral 100ml;Perfumaria;O Boticário;129.9;8;1039.2
395;2025-12-05;Farmácia Sul;Porto Alegre;RS;Roberto Costa;Norte;Batom Matte;Cosméticos;Maybelline;34.9;19;663.1
28;2025-12-06;Loja da Beleza;Salvador;BA;Fernanda Lima;Nordeste;Perfume Feminino 75ml;Perfumaria;Eudora;99.9;7;699.3
239;2025-12-06;Distribuidora Leste;Recife;PE;Patricia Souza;Centro-Oeste;Desodorante Aerossol 150ml;Higiene;Rexona;14.9;4;59.6
258;2025-12-08;Perfumaria Elite;Curitiba;PR;Carlos Mendes;Sul;Creme Hidratante Corporal 250ml;Cosméticos;Nivea;24.9;3;74.7
357;2025-12-08;Drogaria Norte;Campinas;SP;Fernanda Lima;Nordeste;Base Líquida;Cosméticos;L'Oréal;59.9;6;359.4
112;2025-12-09;Drogaria Norte;Campinas;SP;Roberto Costa;Norte;Creme para Mãos 75ml;Cosméticos;Hidra;9.9;15;148.5
145;2025-12-09;Mega Farma;Fortaleza;CE;Roberto Costa;Norte;Creme para Mãos 75ml;Cosméticos;Hidra;9.9;12;118.8
186;2025-12-09;Beleza & Cia;Manaus;AM;Patricia Souza;Centro-Oeste;Sérum Facial 30ml;Cosméticos;Neutrogena;89.9;14;1258.6
315;2025-12-10;Cosméticos Bela;Belo Horizonte;MG;Fernanda Lima;Nordeste;Creme Hidratante Corporal 250ml;Cosméticos;Nivea;24.9;9;224.1
436;2025-12-11;Loja da Beleza;Salvador;BA;Roberto Costa;Norte;Esfoliante Corporal 200ml;Cosméticos;The Body Shop;49.9;14;698.6
45;2025-12-12;Farmácia Central;São Paulo;SP;Carlos Mendes;Sul;Esfoliante Corporal 200ml;Cosméticos;The Body Shop;49.9;13;648.7
263;2025-12-12;Cosméticos Bela;Belo Horizonte;MG;Roberto Costa;Norte;Desodorante Aerossol 150ml;Higiene;Rexona;14.9;16;238.4
325;2025-12-12;Mega Farma;Fortaleza;CE;Patricia Souza;Centro-Oeste;Tônico Capilar 200ml;Higiene;Pantenê;29.9;14;418.6
434;2025-12-12;Farmácia Sul;Porto Alegre;RS;Carlos Mendes;Sul;Esfoliante Corporal 200ml;Cosméticos;The Body Shop;49.9;20;998.0
130;2025-12-13;Loja da Beleza;Salvador;BA;Ana Silva;Sudeste;Perfume Feminino 75ml;Perfumaria;Eudora;99.9;18;1798.2
441;2025-12-13;Beleza & Cia;Manaus;AM;Patricia Souza;Centro-Oeste;Creme para Mãos 75ml;Cosméticos;Hidra;9.9;7;69.3
68;2025-12-15;Beleza & Cia;Manaus;AM;Fernanda Lima;Nordeste;Esfoliante Corporal 200ml;Cosméticos;The Body Shop;49.9;8;399.2
158;2025-12-16;Beleza Total;Rio de Janeiro;RJ;Carlos Mendes;Sul;Tônico Capilar 200ml;Higiene;Pantenê;29.9;9;269.1
163;2025-12-16;Cosméticos Bela;Belo Horizonte;MG;Fernanda Lima;Nordeste;Shampoo Hidratante 400ml;Higiene;Natura;18.9;18;340.2
21;2025-12-17;Cosméticos Bela;Belo Horizonte;MG;Fernanda Lima;Nordeste;Base Líquida;Cosméticos;L'Oréal;59.9;18;1078.2
66;2025-12-17;Perfumaria Elite;Curitiba;PR;Fernanda Lima;Nordeste;Perfume Feminino 75ml;Perfumaria;Eudora;99.9;11;1098.9
74;2025-12-19;Farmácia Sul;Porto Alegre;RS;Carlos Mendes;Sul;Tônico Capilar 200ml;Higiene;Pantenê;29.9;4;119.6
103;2025-12-21;Cosméticos Bela;Belo Horizonte;MG;Ana Silva;Sudeste;Protetor Solar FPS 50 200ml;Cosméticos;Sundown;39.9;6;239.4
78;2025-12-22;Beleza & Cia;Manaus;AM;Fernanda Lima;Nordeste;Base Líquida;Cosméticos;L'Oréal;59.9;15;898.5
155;2025-12-22;Farmácia Sul;Porto Alegre;RS;Patricia Souza;Centro-Oeste;Shampoo Hidratante 400ml;Higiene;Natura;18.9;7;132.3
218;2025-12-23;Beleza & Cia;Manaus;AM;Patricia Souza;Centro-Oeste;Creme para Mãos 75ml;Cosméticos;Hidra;9.9;12;118.8
302;2025-12-24;Loja da Beleza;Salvador;BA;Patricia Souza;Centro-Oeste;Sabonete Líquido 250ml;Higiene;Dove;12.9;1;12.9
334;2025-12-24;Loja da Beleza;Salvador;BA;Carlos Mendes;Sul;Perfume Masculino 50ml;Perfumaria;Avon;89.9;1;89.9
498;2025-12-24;Beleza Total;Rio de Janeiro;RJ;Ana Silva;Sudeste;Tônico Capilar 200ml;Higiene;Pantenê;29.9;7;209.3
169;2025-12-26;Drogaria Norte;Campinas;SP;Patricia Souza;Centro-Oeste;Perfume Feminino 75ml;Perfumaria;Eudora;99.9;11;1098.9
39;2025-12-27;Farmácia Sul;Porto Alegre;RS;Ana Silva;Sudeste;Desodorante Aerossol 150ml;Higiene;Rexona;14.9;3;44.7
102;2025-12-28;Beleza & Cia;Manaus;AM;Roberto Costa;Norte;Creme Hidratante Corporal 250ml;Cosméticos;Nivea;24.9;8;199.2
278;2025-12-28;Distribuidora Leste;Recife;PE;Ana Silva;Sudeste;Esfoliante Corporal 200ml;Cosméticos;The Body Shop;49.9;16;798.4
14;2025-12-29;Mega Farma;Fortaleza;CE;Patricia Souza;Centro-Oeste;Tônico Capilar 200ml;Higiene;Pantenê;29.9;1;29.9
134;2025-12-29;Distribuidora Leste;Recife;PE;Patricia Souza;Centro-Oeste;Shampoo Hidratante 400ml;Higiene;Natura;18.9;2;37.8
449;2025-12-29;Perfumaria Elite;Curitiba;PR;Fernanda Lima;Nordeste;Perfume Masculino 50ml;Perfumaria;Avon;89.9;19;1708.1
294;2025-12-30;Beleza Total;Rio de Janeiro;RJ;Fernanda Lima;Nordeste;Esfoliante Corporal 200ml;Cosméticos;The Body Shop;49.9;9;449.1
348;2025-12-30;Beleza Total;Rio de Janeiro;RJ;Roberto Costa;Norte;Sérum Facial 30ml;Cosméticos;Neutrogena;89.9;2;179.8
368;2025-12-30;Beleza Total;Rio de Janeiro;RJ;Carlos Mendes;Sul;Protetor Solar FPS 50 200ml;Cosméticos;Sundown;39.9;19;758.1
478;2025-12-30;Mega Farma;Fortaleza;CE;Patricia Souza;Centro-Oeste;Condicionador Reparador 400ml;Higiene;Natura;19.9;14;278.6
125;2025-12-31;Perfumaria Elite;Curitiba;PR;Patricia Souza;Centro-Oeste;Sabonete Líquido 250ml;Higiene;Dove;12.9;4;51.6
367;2026-01-01;Farmácia Sul;Porto Alegre;RS;Ana Silva;Sudeste;Esfoliante Corporal 200ml;Cosméticos;The Body Shop;49.9;14;698.6
29;2026-01-02;Cosméticos Bela;Belo Horizonte;MG;Patricia Souza;Centro-Oeste;Perfume Masculino 50ml;Perfumaria;Avon;89.9;17;1528.3
332;2026-01-02;Loja da Beleza;Salvador;BA;Fernanda Lima;Nordeste;Creme Hidratante Corporal 250ml;Cosméticos;Nivea;24.9;14;348.6
491;2026-01-02;Mega Farma;Fortaleza;CE;Carlos Mendes;Sul;Batom Matte;Cosméticos;Maybelline;34.9;1;34.9
94;2026-01-03;Beleza & Cia;Manaus;AM;Patricia Souza;Centro-Oeste;Batom Matte;Cosméticos;Maybelline;34.9;13;453.7
364;2026-01-03;Distribuidora Leste;Recife;PE;Roberto Costa;Norte;Batom Matte;Cosméticos;Maybelline;34.9;19;663.1
493;2026-01-03;Drogaria Norte;Campinas;SP;Ana Silva;Sudeste;Perfume Floral 100ml;Perfumaria;O Boticário;129.9;15;1948.5
22;2026-01-04;Distribuidora Leste;Recife;PE;Patricia Souza;Centro-Oeste;Protetor Solar FPS 50 200ml;Cosméticos;Sundown;39.9;6;239.4
341;2026-01-04;Loja da Beleza;Salvador;BA;Ana Silva;Sudeste;Perfume Masculino 50ml;Perfumaria;Avon;89.9;10;899.0
414;2026-01-04;Perfumaria Elite;Curitiba;PR;Fernanda Lima;Nordeste;Shampoo Hidratante 400ml;Higiene;Natura;18.9;10;189.0
467;2026-01-04;Farmácia Sul;Porto Alegre;RS;Patricia Souza;Centro-Oeste;Esfoliante Corporal 200ml;Cosméticos;The Body Shop;49.9;16;798.4
182;2026-01-05;Farmácia Central;São Paulo;SP;Ana Silva;Sudeste;Base Líquida;Cosméticos;L'Oréal;59.9;15;898.5
305;2026-01-05;Farmácia Sul;Porto Alegre;RS;Carlos Mendes;Sul;Sérum Facial 30ml;Cosméticos;Neutrogena;89.9;1;89.9
454;2026-01-05;Perfumaria Elite;Curitiba;PR;Patricia Souza;Centro-Oeste;Creme para Mãos 75ml;Cosméticos;Hidra;9.9;11;108.9
153;2026-01-06;Beleza Total;Rio de Janeiro;RJ;Roberto Costa;Norte;Esfoliante Corporal 200ml;Cosméticos;The Body Shop;49.9;6;299.4
264;2026-01-06;Loja da Beleza;Salvador;BA;Roberto Costa;Norte;Condicionador Reparador 400ml;Higiene;Natura;19.9;17;338.3
142;2026-01-08;Loja da Beleza;Salvador;BA;Carlos Mendes;Sul;Esfoliante Corporal 200ml;Cosméticos;The Body Shop;49.9;4;199.6
384;2026-01-08;Drogaria Norte;Campinas;SP;Fernanda Lima;Nordeste;Protetor Solar FPS 50 200ml;Cosméticos;Sundown;39.9;13;518.7
126;2026-01-09;Distribuidora Leste;Recife;PE;Patricia Souza;Centro-Oeste;Protetor Solar FPS 50 200ml;Cosméticos;Sundown;39.9;17;678.3
170;2026-01-10;Beleza & Cia;Manaus;AM;Patricia Souza;Centro-Oeste;Sabonete Líquido 250ml;Higiene;Dove;12.9;7;90.3
204;2026-01-10;Cosméticos Bela;Belo Horizonte;MG;Fernanda Lima;Nordeste;Perfume Floral 100ml;Perfumaria;O Boticário;129.9;12;1558.8
488;2026-01-10;Mega Farma;Fortaleza;CE;Carlos Mendes;Sul;Batom Matte;Cosméticos;Maybelline;34.9;2;69.8
473;2026-01-11;Beleza Total;Rio de Janeiro;RJ;Ana Silva;Sudeste;Base Líquida;Cosméticos;L'Oréal;59.9;18;1078.2
7;2026-01-13;Loja da Beleza;Salvador;BA;Carlos Mendes;Sul;Sérum Facial 30ml;Cosméticos;Neutrogena;89.9;3;269.7
447;2026-01-13;Mega Farma;Fortaleza;CE;Roberto Costa;Norte;Sérum Facial 30ml;Cosméticos;Neutrogena;89.9;18;1618.2
485;2026-01-13;Beleza & Cia;Manaus;AM;Patricia Souza;Centro-Oeste;Sérum Facial 30ml;Cosméticos;Neutrogena;89.9;15;1348.5
465;2026-01-14;Mega Farma;Fortaleza;CE;Roberto Costa;Norte;Protetor Solar FPS 50 200ml;Cosméticos;Sundown;39.9;7;279.3
277;2026-01-15;Cosméticos Bela;Belo Horizonte;MG;Fernanda Lima;Nordeste;Perfume Floral 100ml;Perfumaria;O Boticário;129.9;2;259.8
374;2026-01-15;Perfumaria Elite;Curitiba;PR;Fernanda Lima;Nordeste;Creme Hidratante Corporal 250ml;Cosméticos;Nivea;24.9;12;298.8
216;2026-01-16;Mega Farma;Fortaleza;CE;Fernanda Lima;Nordeste;Sabonete Líquido 250ml;Higiene;Dove;12.9;19;245.1
245;2026-01-16;Mega Farma;Fortaleza;CE;Carlos Mendes;Sul;Sabonete Líquido 250ml;Higiene;Dove;12.9;4;51.6
304;2026-01-17;Farmácia Sul;Porto Alegre;RS;Fernanda Lima;Nordeste;Desodorante Aerossol 150ml;Higiene;Rexona;14.9;17;253.3
298;2026-01-18;Perfumaria Elite;Curitiba;PR;Carlos Mendes;Sul;Perfume Masculino 50ml;Perfumaria;Avon;89.9;13;1168.7
484;2026-01-18;Drogaria Norte;Campinas;SP;Roberto Costa;Norte;Protetor Solar FPS 50 200ml;Cosméticos;Sundown;39.9;2;79.8
202;2026-01-19;Drogaria Norte;Campinas;SP;Fernanda Lima;Nordeste;Perfume Masculino 50ml;Perfumaria;Avon;89.9;8;719.2
5;2026-01-20;Beleza Total;Rio de Janeiro;RJ;Patricia Souza;Centro-Oeste;Tônico Capilar 200ml;Higiene;Pantenê;29.9;5;149.5
175;2026-01-20;Perfumaria Elite;Curitiba;PR;Fernanda Lima;Nordeste;Desodorante Aerossol 150ml;Higiene;Rexona;14.9;8;119.2
362;2026-01-20;Drogaria Norte;Campinas;SP;Ana Silva;Sudeste;Perfume Masculino 50ml;Perfumaria;Avon;89.9;5;449.5
19;2026-01-22;Drogaria Norte;Campinas;SP;Ana Silva;Sudeste;Condicionador Reparador 400ml;Higiene;Natura;19.9;18;358.2
189;2026-01-23;Beleza & Cia;Manaus;AM;Patricia Souza;Centro-Oeste;Perfume Floral 100ml;Perfumaria;O Boticário;129.9;16;2078.4
385;2026-01-23;Beleza & Cia;Manaus;AM;Roberto Costa;Norte;Batom Matte;Cosméticos;Maybelline;34.9;6;209.4
118;2026-01-25;Loja da Beleza;Salvador;BA;Roberto Costa;Norte;Protetor Solar FPS 50 200ml;Cosméticos;Sundown;39.9;7;279.3
402;2026-01-25;Perfumaria Elite;Curitiba;PR;Roberto Costa;Norte;Perfume Masculino 50ml;Perfumaria;Avon;89.9;10;899.0
57;2026-01-28;Cosméticos Bela;Belo Horizonte;MG;Patricia Souza;Centro-Oeste;Base Líquida;Cosméticos;L'Oréal;59.9;19;1138.1
432;2026-01-30;Distribuidora Leste;Recife;PE;Ana Silva;Sudeste;Base Líquida;Cosméticos;L'Oréal;59.9;14;838.6
479;2026-02-01;Perfumaria Elite;Curitiba;PR;Fernanda Lima;Nordeste;Perfume Masculino 50ml;Perfumaria;Avon;89.9;5;449.5
377;2026-02-02;Farmácia Central;São Paulo;SP;Roberto Costa;Norte;Sérum Facial 30ml;Cosméticos;Neutrogena;89.9;4;359.6
466;2026-02-02;Drogaria Norte;Campinas;SP;Roberto Costa;Norte;Tônico Capilar 200ml;Higiene;Pantenê;29.9;6;179.4
190;2026-02-04;Distribuidora Leste;Recife;PE;Roberto Costa;Norte;Batom Matte;Cosméticos;Maybelline;34.9;17;593.3
396;2026-02-04;Beleza Total;Rio de Janeiro;RJ;Fernanda Lima;Nordeste;Condicionador Reparador 400ml;Higiene;Natura;19.9;4;79.6
2;2026-02-05;Beleza Total;Rio de Janeiro;RJ;Ana Silva;Sudeste;Desodorante Aerossol 150ml;Higiene;Rexona;14.9;1;14.9
303;2026-02-05;Beleza Total;Rio de Janeiro;RJ;Patricia Souza;Centro-Oeste;Sérum Facial 30ml;Cosméticos;Neutrogena;89.9;15;1348.5
154;2026-02-07;Beleza & Cia;Manaus;AM;Patricia Souza;Centro-Oeste;Desodorante Aerossol 150ml;Higiene;Rexona;14.9;11;163.9
233;2026-02-07;Loja da Beleza;Salvador;BA;Ana Silva;Sudeste;Creme para Mãos 75ml;Cosméticos;Hidra;9.9;11;108.9
397;2026-02-07;Loja da Beleza;Salvador;BA;Patricia Souza;Centro-Oeste;Creme Hidratante Corporal 250ml;Cosméticos;Nivea;24.9;5;124.5
96;2026-02-08;Farmácia Central;São Paulo;SP;Fernanda Lima;Nordeste;Shampoo Hidratante 400ml;Higiene;Natura;18.9;17;321.3
272;2026-02-08;Beleza Total;Rio de Janeiro;RJ;Patricia Souza;Centro-Oeste;Shampoo Hidratante 400ml;Higiene;Natura;18.9;4;75.6
422;2026-02-08;Distribuidora Leste;Recife;PE;Ana Silva;Sudeste;Perfume Masculino 50ml;Perfumaria;Avon;89.9;20;1798.0
41;2026-02-11;Perfumaria Elite;Curitiba;PR;Roberto Costa;Norte;Perfume Feminino 75ml;Perfumaria;Eudora;99.9;19;1898.1
192;2026-02-12;Mega Farma;Fortaleza;CE;Ana Silva;Sudeste;Esfoliante Corporal 200ml;Cosméticos;The Body Shop;49.9;9;449.1
279;2026-02-12;Mega Farma;Fortaleza;CE;Patricia Souza;Centro-Oeste;Protetor Solar FPS 50 200ml;Cosméticos;Sundown;39.9;18;718.2
43;2026-02-13;Farmácia Sul;Porto Alegre;RS;Carlos Mendes;Sul;Creme para Mãos 75ml;Cosméticos;Hidra;9.9;13;128.7
67;2026-02-13;Farmácia Sul;Porto Alegre;RS;Carlos Mendes;Sul;Esfoliante Corporal 200ml;Cosméticos;The Body Shop;49.9;10;499.0
456;2026-02-13;Farmácia Sul;Porto Alegre;RS;Patricia Souza;Centro-Oeste;Desodorante Aerossol 150ml;Higiene;Rexona;14.9;9;134.1
18;2026-02-14;Drogaria Norte;Campinas;SP;Carlos Mendes;Sul;Shampoo Hidratante 400ml;Higiene;Natura;18.9;2;37.8
135;2026-02-14;Farmácia Central;São Paulo;SP;Patricia Souza;Centro-Oeste;Perfume Feminino 75ml;Perfumaria;Eudora;99.9;13;1298.7
208;2026-02-15;Distribuidora Leste;Recife;PE;Roberto Costa;Norte;Tônico Capilar 200ml;Higiene;Pantenê;29.9;9;269.1
413;2026-02-15;Perfumaria Elite;Curitiba;PR;Fernanda Lima;Nordeste;Base Líquida;Cosméticos;L'Oréal;59.9;3;179.7
85;2026-02-17;Drogaria Norte;Campinas;SP;Carlos Mendes;Sul;Desodorante Aerossol 150ml;Higiene;Rexona;14.9;11;163.9
235;2026-02-17;Beleza & Cia;Manaus;AM;Ana Silva;Sudeste;Creme para Mãos 75ml;Cosméticos;Hidra;9.9;8;79.2
350;2026-02-19;Cosméticos Bela;Belo Horizonte;MG;Ana Silva;Sudeste;Base Líquida;Cosméticos;L'Oréal;59.9;14;838.6
26;2026-02-20;Farmácia Sul;Porto Alegre;RS;Ana Silva;Sudeste;Perfume Floral 100ml;Perfumaria;O Boticário;129.9;10;1299.0
282;2026-02-20;Beleza & Cia;Manaus;AM;Carlos Mendes;Sul;Batom Matte;Cosméticos;Maybelline;34.9;8;279.2
120;2026-02-21;Mega Farma;Fortaleza;CE;Patricia Souza;Centro-Oeste;Batom Matte;Cosméticos;Maybelline;34.9;14;488.6
346;2026-02-21;Beleza & Cia;Manaus;AM;Fernanda Lima;Nordeste;Sabonete Líquido 250ml;Higiene;Dove;12.9;20;258.0
16;2026-02-22;Mega Farma;Fortaleza;CE;Carlos Mendes;Sul;Sabonete Líquido 250ml;Higiene;Dove;12.9;9;116.1
17;2026-02-23;Beleza Total;Rio de Janeiro;RJ;Carlos Mendes;Sul;Batom Matte;Cosméticos;Maybelline;34.9;10;349.0
268;2026-02-23;Drogaria Norte;Campinas;SP;Carlos Mendes;Sul;Base Líquida;Cosméticos;L'Oréal;59.9;6;359.4
52;2026-02-24;Beleza & Cia;Manaus;AM;Patricia Souza;Centro-Oeste;Desodorante Aerossol 150ml;Higiene;Rexona;14.9;12;178.8
316;2026-02-25;Perfumaria Elite;Curitiba;PR;Ana Silva;Sudeste;Tônico Capilar 200ml;Higiene;Pantenê;29.9;13;388.7
317;2026-02-25;Cosméticos Bela;Belo Horizonte;MG;Ana Silva;Sudeste;Desodorante Aerossol 150ml;Higiene;Rexona;14.9;11;163.9
366;2026-02-25;Drogaria Norte;Campinas;SP;Ana Silva;Sudeste;Base Líquida;Cosméticos;L'Oréal;59.9;13;778.7
188;2026-02-26;Distribuidora Leste;Recife;PE;Patricia Souza;Centro-Oeste;Shampoo Hidratante 400ml;Higiene;Natura;18.9;3;56.7
224;2026-02-26;Mega Farma;Fortaleza;CE;Fernanda Lima;Nordeste;Protetor Solar FPS 50 200ml;Cosméticos;Sundown;39.9;19;758.1
426;2026-02-26;Cosméticos Bela;Belo Horizonte;MG;Ana Silva;Sudeste;Perfume Floral 100ml;Perfumaria;O Boticário;129.9;11;1428.9
11;2026-02-27;Drogaria Norte;Campinas;SP;Patricia Souza;Centro-Oeste;Tônico Capilar 200ml;Higiene;Pantenê;29.9;16;478.4
165;2026-02-27;Farmácia Sul;Porto Alegre;RS;Fernanda Lima;Nordeste;Creme para Mãos 75ml;Cosméticos;Hidra;9.9;6;59.4
328;2026-02-27;Drogaria Norte;Campinas;SP;Roberto Costa;Norte;Sérum Facial 30ml;Cosméticos;Neutrogena;89.9;5;449.5
151;2026-03-01;Drogaria Norte;Campinas;SP;Fernanda Lima;Nordeste;Sabonete Líquido 250ml;Higiene;Dove;12.9;1;12.9
329;2026-03-03;Farmácia Central;São Paulo;SP;Carlos Mendes;Sul;Perfume Masculino 50ml;Perfumaria;Avon;89.9;11;988.9
250;2026-03-04;Distribuidora Leste;Recife;PE;Carlos Mendes;Sul;Sabonete Líquido 250ml;Higiene;Dove;12.9;12;154.8
372;2026-03-07;Farmácia Central;São Paulo;SP;Roberto Costa;Norte;Perfume Floral 100ml;Perfumaria;O Boticário;129.9;10;1299.0
65;2026-03-08;Beleza & Cia;Manaus;AM;Patricia Souza;Centro-Oeste;Perfume Masculino 50ml;Perfumaria;Avon;89.9;8;719.2
462;2026-03-08;Drogaria Norte;Campinas;SP;Carlos Mendes;Sul;Esfoliante Corporal 200ml;Cosméticos;The Body Shop;49.9;12;598.8
480;2026-03-08;Beleza Total;Rio de Janeiro;RJ;Carlos Mendes;Sul;Condicionador Reparador 400ml;Higiene;Natura;19.9;20;398.0
161;2026-03-09;Drogaria Norte;Campinas;SP;Fernanda Lima;Nordeste;Shampoo Hidratante 400ml;Higiene;Natura;18.9;1;18.9
212;2026-03-10;Farmácia Central;São Paulo;SP;Fernanda Lima;Nordeste;Esfoliante Corporal 200ml;Cosméticos;The Body Shop;49.9;18;898.2
221;2026-03-11;Beleza Total;Rio de Janeiro;RJ;Patricia Souza;Centro-Oeste;Batom Matte;Cosméticos;Maybelline;34.9;8;279.2
259;2026-03-11;Drogaria Norte;Campinas;SP;Fernanda Lima;Nordeste;Sabonete Líquido 250ml;Higiene;Dove;12.9;8;103.2
82;2026-03-13;Distribuidora Leste;Recife;PE;Carlos Mendes;Sul;Perfume Feminino 75ml;Perfumaria;Eudora;99.9;11;1098.9
191;2026-03-13;Farmácia Central;São Paulo;SP;Carlos Mendes;Sul;Sérum Facial 30ml;Cosméticos;Neutrogena;89.9;13;1168.7
251;2026-03-13;Beleza Total;Rio de Janeiro;RJ;Carlos Mendes;Sul;Sabonete Líquido 250ml;Higiene;Dove;12.9;16;206.4
141;2026-03-16;Loja da Beleza;Salvador;BA;Ana Silva;Sudeste;Batom Matte;Cosméticos;Maybelline;34.9;8;279.2
345;2026-03-17;Distribuidora Leste;Recife;PE;Patricia Souza;Centro-Oeste;Condicionador Reparador 400ml;Higiene;Natura;19.9;3;59.7
181;2026-03-19;Drogaria Norte;Campinas;SP;Patricia Souza;Centro-Oeste;Batom Matte;Cosméticos;Maybelline;34.9;5;174.5
416;2026-03-19;Farmácia Central;São Paulo;SP;Patricia Souza;Centro-Oeste;Desodorante Aerossol 150ml;Higiene;Rexona;14.9;15;223.5
312;2026-03-20;Beleza & Cia;Manaus;AM;Patricia Souza;Centro-Oeste;Perfume Floral 100ml;Perfumaria;O Boticário;129.9;18;2338.2
427;2026-03-20;Drogaria Norte;Campinas;SP;Fernanda Lima;Nordeste;Desodorante Aerossol 150ml;Higiene;Rexona;14.9;5;74.5
106;2026-03-21;Cosméticos Bela;Belo Horizonte;MG;Fernanda Lima;Nordeste;Desodorante Aerossol 150ml;Higiene;Rexona;14.9;17;253.3
37;2026-03-22;Perfumaria Elite;Curitiba;PR;Carlos Mendes;Sul;Batom Matte;Cosméticos;Maybelline;34.9;5;174.5
237;2026-03-23;Farmácia Central;São Paulo;SP;Ana Silva;Sudeste;Base Líquida;Cosméticos;L'Oréal;59.9;9;539.1
494;2026-03-23;Distribuidora Leste;Recife;PE;Fernanda Lima;Nordeste;Creme Hidratante Corporal 250ml;Cosméticos;Nivea;24.9;20;498.0
211;2026-03-24;Cosméticos Bela;Belo Horizonte;MG;Carlos Mendes;Sul;Protetor Solar FPS 50 200ml;Cosméticos;Sundown;39.9;15;598.5
253;2026-03-24;Mega Farma;Fortaleza;CE;Ana Silva;Sudeste;Perfume Feminino 75ml;Perfumaria;Eudora;99.9;20;1998.0
386;2026-03-24;Mega Farma;Fortaleza;CE;Ana Silva;Sudeste;Base Líquida;Cosméticos;L'Oréal;59.9;5;299.5
193;2026-03-26;Distribuidora Leste;Recife;PE;Carlos Mendes;Sul;Esfoliante Corporal 200ml;Cosméticos;The Body Shop;49.9;20;998.0
380;2026-03-26;Loja da Beleza;Salvador;BA;Fernanda Lima;Nordeste;Perfume Masculino 50ml;Perfumaria;Avon;89.9;12;1078.8
411;2026-03-26;Beleza & Cia;Manaus;AM;Roberto Costa;Norte;Base Líquida;Cosméticos;L'Oréal;59.9;13;778.7
152;2026-03-27;Cosméticos Bela;Belo Horizonte;MG;Patricia Souza;Centro-Oeste;Desodorante Aerossol 150ml;Higiene;Rexona;14.9;8;119.2
382;2026-03-27;Loja da Beleza;Salvador;BA;Patricia Souza;Centro-Oeste;Creme para Mãos 75ml;Cosméticos;Hidra;9.9;20;198.0
376;2026-03-28;Beleza Total;Rio de Janeiro;RJ;Carlos Mendes;Sul;Batom Matte;Cosméticos;Maybelline;34.9;7;244.3
475;2026-03-28;Cosméticos Bela;Belo Horizonte;MG;Ana Silva;Sudeste;Tônico Capilar 200ml;Higiene;Pantenê;29.9;5;149.5
415;2026-03-30;Distribuidora Leste;Recife;PE;Fernanda Lima;Nordeste;Perfume Masculino 50ml;Perfumaria;Avon;89.9;3;269.7
13;2026-03-31;Farmácia Central;São Paulo;SP;Fernanda Lima;Nordeste;Perfume Floral 100ml;Perfumaria;O Boticário;129.9;8;1039.2
284;2026-03-31;Beleza & Cia;Manaus;AM;Fernanda Lima;Nordeste;Sabonete Líquido 250ml;Higiene;Dove;12.9;15;193.5
418;2026-04-01;Beleza Total;Rio de Janeiro;RJ;Ana Silva;Sudeste;Sabonete Líquido 250ml;Higiene;Dove;12.9;6;77.4
440;2026-04-01;Distribuidora Leste;Recife;PE;Patricia Souza;Centro-Oeste;Esfoliante Corporal 200ml;Cosméticos;The Body Shop;49.9;12;598.8
40;2026-04-02;Farmácia Sul;Porto Alegre;RS;Carlos Mendes;Sul;Perfume Feminino 75ml;Perfumaria;Eudora;99.9;6;599.4
122;2026-04-02;Distribuidora Leste;Recife;PE;Patricia Souza;Centro-Oeste;Perfume Feminino 75ml;Perfumaria;Eudora;99.9;6;599.4
123;2026-04-02;Drogaria Norte;Campinas;SP;Patricia Souza;Centro-Oeste;Creme para Mãos 75ml;Cosméticos;Hidra;9.9;7;69.3
226;2026-04-02;Mega Farma;Fortaleza;CE;Roberto Costa;Norte;Sabonete Líquido 250ml;Higiene;Dove;12.9;11;141.9
254;2026-04-02;Distribuidora Leste;Recife;PE;Patricia Souza;Centro-Oeste;Sérum Facial 30ml;Cosméticos;Neutrogena;89.9;13;1168.7
314;2026-04-02;Drogaria Norte;Campinas;SP;Ana Silva;Sudeste;Perfume Floral 100ml;Perfumaria;O Boticário;129.9;13;1688.7
127;2026-04-03;Distribuidora Leste;Recife;PE;Ana Silva;Sudeste;Batom Matte;Cosméticos;Maybelline;34.9;16;558.4
206;2026-04-04;Perfumaria Elite;Curitiba;PR;Carlos Mendes;Sul;Sabonete Líquido 250ml;Higiene;Dove;12.9;7;90.3
425;2026-04-04;Farmácia Central;São Paulo;SP;Fernanda Lima;Nordeste;Desodorante Aerossol 150ml;Higiene;Rexona;14.9;7;104.3
390;2026-04-06;Farmácia Central;São Paulo;SP;Carlos Mendes;Sul;Perfume Masculino 50ml;Perfumaria;Avon;89.9;1;89.9
438;2026-04-06;Farmácia Sul;Porto Alegre;RS;Carlos Mendes;Sul;Shampoo Hidratante 400ml;Higiene;Natura;18.9;19;359.1
470;2026-04-07;Distribuidora Leste;Recife;PE;Carlos Mendes;Sul;Shampoo Hidratante 400ml;Higiene;Natura;18.9;4;75.6
442;2026-04-11;Mega Farma;Fortaleza;CE;Ana Silva;Sudeste;Sabonete Líquido 250ml;Higiene;Dove;12.9;16;206.4
46;2026-04-12;Mega Farma;Fortaleza;CE;Carlos Mendes;Sul;Perfume Floral 100ml;Perfumaria;O Boticário;129.9;5;649.5
64;2026-04-12;Farmácia Central;São Paulo;SP;Roberto Costa;Norte;Protetor Solar FPS 50 200ml;Cosméticos;Sundown;39.9;4;159.6
168;2026-04-13;Distribuidora Leste;Recife;PE;Patricia Souza;Centro-Oeste;Esfoliante Corporal 200ml;Cosméticos;The Body Shop;49.9;8;399.2
486;2026-04-13;Loja da Beleza;Salvador;BA;Patricia Souza;Centro-Oeste;Desodorante Aerossol 150ml;Higiene;Rexona;14.9;2;29.8
73;2026-04-16;Loja da Beleza;Salvador;BA;Roberto Costa;Norte;Sérum Facial 30ml;Cosméticos;Neutrogena;89.9;1;89.9
308;2026-04-16;Loja da Beleza;Salvador;BA;Carlos Mendes;Sul;Condicionador Reparador 400ml;Higiene;Natura;19.9;12;238.8
342;2026-04-16;Cosméticos Bela;Belo Horizonte;MG;Patricia Souza;Centro-Oeste;Desodorante Aerossol 150ml;Higiene;Rexona;14.9;10;149.0
322;2026-04-17;Mega Farma;Fortaleza;CE;Carlos Mendes;Sul;Tônico Capilar 200ml;Higiene;Pantenê;29.9;5;149.5
249;2026-04-19;Perfumaria Elite;Curitiba;PR;Carlos Mendes;Sul;Sabonete Líquido 250ml;Higiene;Dove;12.9;11;141.9
27;2026-04-20;Beleza Total;Rio de Janeiro;RJ;Patricia Souza;Centro-Oeste;Base Líquida;Cosméticos;L'Oréal;59.9;9;539.1
261;2026-04-20;Beleza Total;Rio de Janeiro;RJ;Carlos Mendes;Sul;Protetor Solar FPS 50 200ml;Cosméticos;Sundown;39.9;15;598.5
8;2026-04-21;Beleza Total;Rio de Janeiro;RJ;Roberto Costa;Norte;Base Líquida;Cosméticos;L'Oréal;59.9;3;179.7
291;2026-04-21;Loja da Beleza;Salvador;BA;Patricia Souza;Centro-Oeste;Base Líquida;Cosméticos;L'Oréal;59.9;19;1138.1
177;2026-04-22;Loja da Beleza;Salvador;BA;Carlos Mendes;Sul;Perfume Feminino 75ml;Perfumaria;Eudora;99.9;14;1398.6
407;2026-04-22;Beleza & Cia;Manaus;AM;Fernanda Lima;Nordeste;Protetor Solar FPS 50 200ml;Cosméticos;Sundown;39.9;14;558.6
114;2026-04-23;Farmácia Central;São Paulo;SP;Patricia Souza;Centro-Oeste;Perfume Masculino 50ml;Perfumaria;Avon;89.9;13;1168.7
137;2026-04-23;Loja da Beleza;Salvador;BA;Fernanda Lima;Nordeste;Sabonete Líquido 250ml;Higiene;Dove;12.9;7;90.3
91;2026-04-24;Cosméticos Bela;Belo Horizonte;MG;Roberto Costa;Norte;Protetor Solar FPS 50 200ml;Cosméticos;Sundown;39.9;4;159.6
116;2026-04-24;Perfumaria Elite;Curitiba;PR;Ana Silva;Sudeste;Sérum Facial 30ml;Cosméticos;Neutrogena;89.9;7;629.3
301;2026-04-24;Loja da Beleza;Salvador;BA;Ana Silva;Sudeste;Creme Hidratante Corporal 250ml;Cosméticos;Nivea;24.9;5;124.5
477;2026-04-24;Cosméticos Bela;Belo Horizonte;MG;Ana Silva;Sudeste;Tônico Capilar 200ml;Higiene;Pantenê;29.9;12;358.8
147;2026-04-25;Farmácia Sul;Porto Alegre;RS;Fernanda Lima;Nordeste;Esfoliante Corporal 200ml;Cosméticos;The Body Shop;49.9;15;748.5
487;2026-04-25;Drogaria Norte;Campinas;SP;Carlos Mendes;Sul;Tônico Capilar 200ml;Higiene;Pantenê;29.9;20;598.0
63;2026-04-27;Distribuidora Leste;Recife;PE;Patricia Souza;Centro-Oeste;Creme para Mãos 75ml;Cosméticos;Hidra;9.9;16;158.4
176;2026-04-27;Perfumaria Elite;Curitiba;PR;Ana Silva;Sudeste;Protetor Solar FPS 50 200ml;Cosméticos;Sundown;39.9;20;798.0
199;2026-04-27;Farmácia Sul;Porto Alegre;RS;Patricia Souza;Centro-Oeste;Perfume Masculino 50ml;Perfumaria;Avon;89.9;16;1438.4
353;2026-04-27;Drogaria Norte;Campinas;SP;Roberto Costa;Norte;Protetor Solar FPS 50 200ml;Cosméticos;Sundown;39.9;5;199.5
355;2026-04-27;Loja da Beleza;Salvador;BA;Patricia Souza;Centro-Oeste;Batom Matte;Cosméticos;Maybelline;34.9;11;383.9
84;2026-04-28;Loja da Beleza;Salvador;BA;Roberto Costa;Norte;Protetor Solar FPS 50 200ml;Cosméticos;Sundown;39.9;6;239.4
262;2026-04-28;Beleza Total;Rio de Janeiro;RJ;Carlos Mendes;Sul;Creme Hidratante Corporal 250ml;Cosméticos;Nivea;24.9;7;174.3
148;2026-04-29;Farmácia Sul;Porto Alegre;RS;Carlos Mendes;Sul;Tônico Capilar 200ml;Higiene;Pantenê;29.9;5;149.5
140;2026-05-01;Perfumaria Elite;Curitiba;PR;Roberto Costa;Norte;Perfume Masculino 50ml;Perfumaria;Avon;89.9;11;988.9
72;2026-05-02;Loja da Beleza;Salvador;BA;Roberto Costa;Norte;Creme para Mãos 75ml;Cosméticos;Hidra;9.9;9;89.1
56;2026-05-03;Farmácia Sul;Porto Alegre;RS;Roberto Costa;Norte;Condicionador Reparador 400ml;Higiene;Natura;19.9;10;199.0
200;2026-05-03;Loja da Beleza;Salvador;BA;Patricia Souza;Centro-Oeste;Base Líquida;Cosméticos;L'Oréal;59.9;3;179.7
399;2026-05-03;Farmácia Sul;Porto Alegre;RS;Carlos Mendes;Sul;Esfoliante Corporal 200ml;Cosméticos;The Body Shop;49.9;3;149.7
381;2026-05-04;Farmácia Sul;Porto Alegre;RS;Fernanda Lima;Nordeste;Protetor Solar FPS 50 200ml;Cosméticos;Sundown;39.9;15;598.5
463;2026-05-04;Beleza Total;Rio de Janeiro;RJ;Carlos Mendes;Sul;Perfume Feminino 75ml;Perfumaria;Eudora;99.9;11;1098.9
90;2026-05-05;Distribuidora Leste;Recife;PE;Carlos Mendes;Sul;Sabonete Líquido 250ml;Higiene;Dove;12.9;9;116.1
389;2026-05-05;Farmácia Central;São Paulo;SP;Patricia Souza;Centro-Oeste;Condicionador Reparador 400ml;Higiene;Natura;19.9;17;338.3
417;2026-05-05;Cosméticos Bela;Belo Horizonte;MG;Ana Silva;Sudeste;Perfume Masculino 50ml;Perfumaria;Avon;89.9;20;1798.0
248;2026-05-06;Perfumaria Elite;Curitiba;PR;Carlos Mendes;Sul;Base Líquida;Cosméticos;L'Oréal;59.9;9;539.1
24;2026-05-07;Drogaria Norte;Campinas;SP;Carlos Mendes;Sul;Tônico Capilar 200ml;Higiene;Pantenê;29.9;1;29.9
95;2026-05-08;Distribuidora Leste;Recife;PE;Fernanda Lima;Nordeste;Creme Hidratante Corporal 250ml;Cosméticos;Nivea;24.9;19;473.1
435;2026-05-08;Mega Farma;Fortaleza;CE;Ana Silva;Sudeste;Creme para Mãos 75ml;Cosméticos;Hidra;9.9;1;9.9
9;2026-05-09;Farmácia Sul;Porto Alegre;RS;Roberto Costa;Norte;Sérum Facial 30ml;Cosméticos;Neutrogena;89.9;4;359.6
276;2026-05-09;Cosméticos Bela;Belo Horizonte;MG;Fernanda Lima;Nordeste;Creme para Mãos 75ml;Cosméticos;Hidra;9.9;14;138.6
77;2026-05-10;Distribuidora Leste;Recife;PE;Patricia Souza;Centro-Oeste;Sérum Facial 30ml;Cosméticos;Neutrogena;89.9;18;1618.2
327;2026-05-10;Beleza & Cia;Manaus;AM;Roberto Costa;Norte;Desodorante Aerossol 150ml;Higiene;Rexona;14.9;17;253.3
323;2026-05-11;Farmácia Central;São Paulo;SP;Ana Silva;Sudeste;Base Líquida;Cosméticos;L'Oréal;59.9;20;1198.0
76;2026-05-13;Perfumaria Elite;Curitiba;PR;Fernanda Lima;Nordeste;Tônico Capilar 200ml;Higiene;Pantenê;29.9;19;568.1
351;2026-05-14;Perfumaria Elite;Curitiba;PR;Ana Silva;Sudeste;Shampoo Hidratante 400ml;Higiene;Natura;18.9;13;245.7
371;2026-05-15;Mega Farma;Fortaleza;CE;Fernanda Lima;Nordeste;Protetor Solar FPS 50 200ml;Cosméticos;Sundown;39.9;4;159.6
403;2026-05-15;Drogaria Norte;Campinas;SP;Patricia Souza;Centro-Oeste;Base Líquida;Cosméticos;L'Oréal;59.9;20;1198.0
1;2026-05-16;Beleza & Cia;Manaus;AM;Roberto Costa;Norte;Creme Hidratante Corporal 250ml;Cosméticos;Nivea;24.9;10;249.0
4;2026-05-16;Mega Farma;Fortaleza;CE;Carlos Mendes;Sul;Desodorante Aerossol 150ml;Higiene;Rexona;14.9;17;253.3
54;2026-05-16;Beleza Total;Rio de Janeiro;RJ;Fernanda Lima;Nordeste;Perfume Feminino 75ml;Perfumaria;Eudora;99.9;3;299.7
229;2026-05-16;Beleza Total;Rio de Janeiro;RJ;Roberto Costa;Norte;Protetor Solar FPS 50 200ml;Cosméticos;Sundown;39.9;18;718.2
287;2026-05-16;Loja da Beleza;Salvador;BA;Roberto Costa;Norte;Base Líquida;Cosméticos;L'Oréal;59.9;4;239.6
333;2026-05-17;Loja da Beleza;Salvador;BA;Patricia Souza;Centro-Oeste;Desodorante Aerossol 150ml;Higiene;Rexona;14.9;3;44.7
139;2026-05-18;Cosméticos Bela;Belo Horizonte;MG;Fernanda Lima;Nordeste;Esfoliante Corporal 200ml;Cosméticos;The Body Shop;49.9;15;748.5
62;2026-05-19;Loja da Beleza;Salvador;BA;Ana Silva;Sudeste;Batom Matte;Cosméticos;Maybelline;34.9;18;628.2
230;2026-05-19;Farmácia Central;São Paulo;SP;Carlos Mendes;Sul;Perfume Feminino 75ml;Perfumaria;Eudora;99.9;9;899.1
124;2026-05-22;Farmácia Central;São Paulo;SP;Patricia Souza;Centro-Oeste;Condicionador Reparador 400ml;Higiene;Natura;19.9;11;218.9
12;2026-05-23;Drogaria Norte;Campinas;SP;Fernanda Lima;Nordeste;Creme para Mãos 75ml;Cosméticos;Hidra;9.9;1;9.9
32;2026-05-23;Loja da Beleza;Salvador;BA;Roberto Costa;Norte;Perfume Masculino 50ml;Perfumaria;Avon;89.9;20;1798.0
117;2026-05-23;Distribuidora Leste;Recife;PE;Patricia Souza;Centro-Oeste;Shampoo Hidratante 400ml;Higiene;Natura;18.9;8;151.2
265;2026-05-23;Distribuidora Leste;Recife;PE;Carlos Mendes;Sul;Tônico Capilar 200ml;Higiene;Pantenê;29.9;6;179.4
468;2026-05-25;Cosméticos Bela;Belo Horizonte;MG;Ana Silva;Sudeste;Creme para Mãos 75ml;Cosméticos;Hidra;9.9;15;148.5
131;2026-05-26;Distribuidora Leste;Recife;PE;Fernanda Lima;Nordeste;Creme para Mãos 75ml;Cosméticos;Hidra;9.9;9;89.1
401;2026-05-26;Distribuidora Leste;Recife;PE;Carlos Mendes;Sul;Esfoliante Corporal 200ml;Cosméticos;The Body Shop;49.9;5;249.5
166;2026-05-28;Farmácia Sul;Porto Alegre;RS;Fernanda Lima;Nordeste;Sabonete Líquido 250ml;Higiene;Dove;12.9;18;232.2
240;2026-05-29;Loja da Beleza;Salvador;BA;Patricia Souza;Centro-Oeste;Tônico Capilar 200ml;Higiene;Pantenê;29.9;5;149.5
458;2026-05-30;Cosméticos Bela;Belo Horizonte;MG;Patricia Souza;Centro-Oeste;Shampoo Hidratante 400ml;Higiene;Natura;18.9;1;18.9
292;2026-05-31;Beleza & Cia;Manaus;AM;Ana Silva;Sudeste;Creme Hidratante Corporal 250ml;Cosméticos;Nivea;24.9;4;99.6
44;2026-06-01;Drogaria Norte;Campinas;SP;Fernanda Lima;Nordeste;Esfoliante Corporal 200ml;Cosméticos;The Body Shop;49.9;6;299.4
339;2026-06-01;Farmácia Sul;Porto Alegre;RS;Fernanda Lima;Nordeste;Sérum Facial 30ml;Cosméticos;Neutrogena;89.9;3;269.7
129;2026-06-02;Loja da Beleza;Salvador;BA;Patricia Souza;Centro-Oeste;Sérum Facial 30ml;Cosméticos;Neutrogena;89.9;2;179.8
196;2026-06-02;Distribuidora Leste;Recife;PE;Roberto Costa;Norte;Shampoo Hidratante 400ml;Higiene;Natura;18.9;16;302.4
370;2026-06-02;Farmácia Central;São Paulo;SP;Roberto Costa;Norte;Perfume Feminino 75ml;Perfumaria;Eudora;99.9;9;899.1
101;2026-06-03;Drogaria Norte;Campinas;SP;Carlos Mendes;Sul;Shampoo Hidratante 400ml;Higiene;Natura;18.9;4;75.6
469;2026-06-03;Perfumaria Elite;Curitiba;PR;Roberto Costa;Norte;Protetor Solar FPS 50 200ml;Cosméticos;Sundown;39.9;18;718.2
70;2026-06-05;Perfumaria Elite;Curitiba;PR;Ana Silva;Sudeste;Shampoo Hidratante 400ml;Higiene;Natura;18.9;15;283.5
138;2026-06-07;Cosméticos Bela;Belo Horizonte;MG;Carlos Mendes;Sul;Perfume Floral 100ml;Perfumaria;O Boticário;129.9;6;779.4
80;2026-06-08;Perfumaria Elite;Curitiba;PR;Roberto Costa;Norte;Condicionador Reparador 400ml;Higiene;Natura;19.9;14;278.6
340;2026-06-08;Beleza & Cia;Manaus;AM;Ana Silva;Sudeste;Esfoliante Corporal 200ml;Cosméticos;The Body Shop;49.9;2;99.8
157;2026-06-09;Beleza Total;Rio de Janeiro;RJ;Carlos Mendes;Sul;Sabonete Líquido 250ml;Higiene;Dove;12.9;7;90.3
437;2026-06-09;Distribuidora Leste;Recife;PE;Patricia Souza;Centro-Oeste;Sabonete Líquido 250ml;Higiene;Dove;12.9;19;245.1
369;2026-06-10;Distribuidora Leste;Recife;PE;Patricia Souza;Centro-Oeste;Condicionador Reparador 400ml;Higiene;Natura;19.9;4;79.6
392;2026-06-10;Mega Farma;Fortaleza;CE;Carlos Mendes;Sul;Perfume Feminino 75ml;Perfumaria;Eudora;99.9;1;99.9
419;2026-06-10;Farmácia Central;São Paulo;SP;Ana Silva;Sudeste;Perfume Masculino 50ml;Perfumaria;Avon;89.9;17;1528.3
83;2026-06-11;Beleza Total;Rio de Janeiro;RJ;Ana Silva;Sudeste;Condicionador Reparador 400ml;Higiene;Natura;19.9;7;139.3
335;2026-06-11;Beleza Total;Rio de Janeiro;RJ;Fernanda Lima;Nordeste;Perfume Masculino 50ml;Perfumaria;Avon;89.9;9;809.1
319;2026-06-13;Drogaria Norte;Campinas;SP;Ana Silva;Sudeste;Perfume Floral 100ml;Perfumaria;O Boticário;129.9;15;1948.5
207;2026-06-14;Farmácia Central;São Paulo;SP;Carlos Mendes;Sul;Esfoliante Corporal 200ml;Cosméticos;The Body Shop;49.9;20;998.0
448;2026-06-16;Perfumaria Elite;Curitiba;PR;Roberto Costa;Norte;Sabonete Líquido 250ml;Higiene;Dove;12.9;14;180.6
146;2026-06-17;Distribuidora Leste;Recife;PE;Carlos Mendes;Sul;Creme para Mãos 75ml;Cosméticos;Hidra;9.9;2;19.8
321;2026-06-18;Drogaria Norte;Campinas;SP;Patricia Souza;Centro-Oeste;Sérum Facial 30ml;Cosméticos;Neutrogena;89.9;5;449.5
89;2026-06-19;Distribuidora Leste;Recife;PE;Carlos Mendes;Sul;Sabonete Líquido 250ml;Higiene;Dove;12.9;18;232.2
270;2026-06-19;Drogaria Norte;Campinas;SP;Carlos Mendes;Sul;Sérum Facial 30ml;Cosméticos;Neutrogena;89.9;7;629.3
295;2026-06-19;Drogaria Norte;Campinas;SP;Roberto Costa;Norte;Creme Hidratante Corporal 250ml;Cosméticos;Nivea;24.9;14;348.6
109;2026-06-20;Beleza Total;Rio de Janeiro;RJ;Roberto Costa;Norte;Condicionador Reparador 400ml;Higiene;Natura;19.9;5;99.5
408;2026-06-20;Mega Farma;Fortaleza;CE;Roberto Costa;Norte;Batom Matte;Cosméticos;Maybelline;34.9;2;69.8
164;2026-06-21;Distribuidora Leste;Recife;PE;Patricia Souza;Centro-Oeste;Perfume Floral 100ml;Perfumaria;O Boticário;129.9;20;2598.0
412;2026-06-22;Cosméticos Bela;Belo Horizonte;MG;Carlos Mendes;Sul;Perfume Masculino 50ml;Perfumaria;Avon;89.9;7;629.3
214;2026-06-23;Beleza Total;Rio de Janeiro;RJ;Roberto Costa;Norte;Condicionador Reparador 400ml;Higiene;Natura;19.9;12;238.8
